slide,title,subtitle,caption,image_direction,on_screen_time_sec,animation,bgm
1,資格勉強、仕事、将来…全部あきらめたくないあなたへ,はやし会計で“なくならない専門性”を育てよう,AI時代でも価値が残るキャリアへ,若手スタッフの笑顔＋勉強中の手元,6,フェード,前向きで誠実な中速BGM
2,税理士 × 社労士 × 行政書士,ワンストップで実務が学べる,“経営全体”を見られる人材へ,ワンストップ図＋3資格アイコン,6,スライド,前向きで誠実な中速BGM
3,AIでも奪われない仕事は,判断・提案・対人の現場にある,入力作業だけで終わらない、考える専門職へ,AIアイコン＋顧客対応シーン,7,フェード,前向きで誠実な中速BGM
4,受験生は男性2名・女性1名が在籍,資格勉強と実務を両立しながら切磋琢磨,学ぶ仲間がいるから続けられる,若手複数名＋勉強会風景,6,ポップ,前向きで誠実な中速BGM
5,女性メンバー活躍中,受験生以外のメンバーも専門領域で活躍,行政書士取次申請者は男女2名体制,女性スタッフ中心のチーム写真,6,フェード,前向きで誠実な中速BGM
6,資格取得を本気で応援,学習と実務を両立し、合格後のキャリアまで見据える,試験勉強への理解／成長フォロー／長期キャリア設計,参考書・法令集・先輩フォロー場面,7,スライド,前向きで誠実な中速BGM
7,充実の福利厚生,能力により大幅な給与水準アップも可能,※具体条件は募集要項に準拠,明るいオフィス＋制度アイコン,6,フェード,前向きで誠実な中速BGM
8,“作業者”で終わらない,顧客の課題に向き合い、会社の成長を支えるパートナーへ,現場で信頼される専門職へ,面談シーン＋チーム打合せ,6,ズーム,前向きで誠実な中速BGM
9,次に成長するのは、あなたです。,まずは見学・カジュアル面談から歓迎,en-gage採用ページ／事務所採用ページ,スタッフ集合写真＋ロゴ,7,フェード,前向きで誠実な中速BGM
